{"Andaman & Nicobar": {"Agriculture and Allied Activities": 0.2162995694013019, "Business Services": 0.45347590157292883, "Community, personal & Social Services": 0.4461492497981444, "Construction": 0.7876923501394291, "Electricity, Gas & Water companies": 0.30633647447780676, "FinanceInsurance": 0.6490798628698603, "Manufacturing (Food stuffs)": 0.18749065030118028, "Manufacturing (Leather & products thereof)": 0.23207205840884193, "Manufacturing (Machinery & Equipments)": 0.5596941586632117, "Manufacturing (Metals & Chemicals, and products thereof)Manufacturing (Others)": 0.43147133966645845, "Manufacturing (Paper & Paper products, Publishing, printing": 0.7132180471411144, "Manufacturing (Wood Products)": 0.23882518334443514, "Mining & Quarrying": 0.981525515202107, "Real Estate and RentingTrading": 0.1560504775235143, "Transport, storage and Communications": 0.13056092689404908}, "Andhra Pradesh": {"Agriculture and Allied Activities": 0.8162995694013019, "Business Services": 0.2416299569401302, "Community, personal & Social Services": 0.4416299569401302, "Construction": 0.490256330486158, "Electricity, Gas & Water companies": 0.25395665140504475, "FinanceInsurance": 0.4546993341909253, "Manufacturing (Food stuffs)": 0.7162995694013019, "Manufacturing (Leather & products thereof)": 0.4017431825222933, "Manufacturing (Machinery & Equipments)": 0.4554735819880694, "Manufacturing (Metals & Chemicals, and products thereof)Manufacturing (Others)": 0.4131289073474641, "Manufacturing (Paper & Paper products, Publishing, printing": 0.6162995694013019, "Manufacturing (Wood Products)": 0.22102129248025715, "Mining & Quarrying": 0.4808858231351544, "Real Estate and RentingTrading": 0.34727883441120166, "Transport, storage and Communications": 0.6416299569401301, "Trading": 0.6416299569401301, "Finance": 0.5416299569401302, "Real Estate and Renting": 0.7416299569401302}, "Arunachal Pradesh": {"Agriculture and Allied Activities": 0.37141355054093816, "Business Services": 0.41363004456201236, "Community, personal & Social Services": 0.488929687374585, "Construction": 0.9901338057686221, "Electricity, Gas & Water companies": 0.29286763709025954, "FinanceInsurance": 0.23436890126079768, "Manufacturing (Food stuffs)": 0.5011842384306304, "Manufacturing (Leather & products thereof)": 0.6360066991157843, "Manufacturing (Machinery & Equipments)": 0.20407442825091204, "Manufacturing (Metals & Chemicals, and products thereof)Manufacturing (Others)": 0.7184297836384749, "Manufacturing (Paper & Paper products, Publishing, printing": 0.5387390342553414, "Manufacturing (Wood Products)": 0.32602585816894725, "Mining & Quarrying": 0.7180849778696223, "Real Estate and RentingTrading": 0.9486993821909957, "Transport, storage and Communications": 0.6665157674443171}, "Assam": {"Agriculture and Allied Activities": 0.6319958012789414, "Business Services": 0.47188033143109664, "Community, personal & Social Services": 0.6078615627405832, "Construction": 0.3741803035982304, "Electricity, Gas & Water companies": 0.6442014982510055, "FinanceInsurance": 0.4746759249008705, "Manufacturing (Food stuffs)": 0.5829588070601689, "Manufacturing (Leather & products thereof)": 0.7269176271273287, "Manufacturing (Machinery & Equipments)": 0.28591353443528156, "Manufacturing (Metals & Chemicals, and products thereof)Manufacturing (Others)": 0.006630770261436103, "Manufacturing (Paper & Paper products, Publishing, printing": 0.5158479197295961, "Manufacturing (Wood Products)": 0.6961499627904617, "Mining & Quarrying": 0.5246230547802727, "Real Estate and RentingTrading": 0.55397729361536, "Transport, storage and Communications": 0.9836156758354442}, "Bihar": {"Agriculture and Allied Activities": 0.6367292002568552, "Business Services": 0.2866867240072307, "Community, personal & Social Services": 0.6837757363660111, "Construction": 0.34331590931074696, "Electricity, Gas & Water companies": 0.5699353271952019, "FinanceInsurance": 0.8922974385973705, "Manufacturing (Food stuffs)": 0.6376223409724494, "Manufacturing (Leather & products thereof)": 0.409253404107237, "Manufacturing (Machinery & Equipments)": 0.39719989128622857, "Manufacturing (Metals & Chemicals, and products thereof)Manufacturing (Others)": 0.6780300510694957, "Manufacturing (Paper & Paper products, Publishing, printing": 0.6054076706635113, "Manufacturing (Wood Products)": 0.7348240189710119, "Mining & Quarrying": 0.9984510352795511, "Real Estate and RentingTrading": 0.8433686928637553, "Transport, storage and Communications": 0.04920161466211448}, "Chandigarh": {"Agriculture and Allied Activities": 0.11333175782703886, "Business Services": 0.07887745114925726, "Community, personal & Social Services": 0.2893395721113581, "Construction": 0.14934708160279742, "Electricity, Gas & Water companies": 0.3837495834507012, "FinanceInsurance": 0.886306210937261, "Manufacturing (Food stuffs)": 0.7718638852438348, "Manufacturing (Leather & products thereof)": 0.9633790644430248, "Manufacturing (Machinery & Equipments)": 0.12312827896730216, "Manufacturing (Metals & Chemicals, and products thereof)Manufacturing (Others)": 0.514771955121163, "Manufacturing (Paper & Paper products, Publishing, printing": 0.8964177901191378, "Manufacturing (Wood Products)": 0.027173142906764425, "Mining & Quarrying": 0.1947607668584932, "Real Estate and RentingTrading": 0.44579419460383474, "Transport, storage and Communications": 0.027119688677905263}, "Chattisgarh": {"Agriculture and Allied Activities": 0.39909853943640206, "Business Services": 0.2538811092632719, "Community, personal & Social Services": 0.9314421307691706, "Construction": 0.10993035826726483, "Electricity, Gas & Water companies": 0.3836118467342555, "FinanceInsurance": 0.42794087669598413, "Manufacturing (Food stuffs)": 0.8424211086573811, "Manufacturing (Leather & products thereof)": 0.04852055523348253, "Manufacturing (Machinery & Equipments)": 0.821695222694612, "Manufacturing (Metals & Chemicals, and products thereof)Manufacturing (Others)": 0.47154410065325825, "Manufacturing (Paper & Paper products, Publishing, printing": 0.7549305837549374, "Manufacturing (Wood Products)": 0.5454427494767684, "Mining & Quarrying": 0.0881323473277128, "Real Estate and RentingTrading": 0.8006812959801901, "Transport, storage and Communications": 0.057075739955162685}, "Dadra & Nagar Haveli": {"Agriculture and Allied Activities": 0.5837942843395338, "Business Services": 0.02427845824481023, "Community, personal & Social Services": 0.8960355445199709, "Construction": 0.08489946769832102, "Electricity, Gas & Water companies": 0.8142406389402573, "FinanceInsurance": 0.4936613907908429, "Manufacturing (Food stuffs)": 0.23648059526051146, "Manufacturing (Leather & products thereof)": 0.3104187108404086, "Manufacturing (Machinery & Equipments)": 0.20224609141703165, "Manufacturing (Metals & Chemicals, and products thereof)Manufacturing (Others)": 0.8963676956676013, "Manufacturing (Paper & Paper products, Publishing, printing": 0.5114572756738115, "Manufacturing (Wood Products)": 0.4028994573899175, "Mining & Quarrying": 0.5930976379559412, "Real Estate and RentingTrading": 0.6562985974796249, "Transport, storage and Communications": 0.2695720599398441}, "Daman and Diu": {"Agriculture and Allied Activities": 0.586102342189439, "Business Services": 0.02567552985165611, "Community, personal & Social Services": 0.4364048113905751, "Construction": 0.9016611675840692, "Electricity, Gas & Water companies": 0.12922989874924262, "FinanceInsurance": 0.9215191649602034, "Manufacturing (Food stuffs)": 0.6889703187958713, "Manufacturing (Leather & products thereof)": 0.2645257117500367, "Manufacturing (Machinery & Equipments)": 0.3512321586080801, "Manufacturing (Metals & Chemicals, and products thereof)Manufacturing (Others)": 0.01322236993964887, "Manufacturing (Paper & Paper products, Publishing, printing": 0.6921751976267748, "Manufacturing (Wood Products)": 0.2819273474102587, "Mining & Quarrying": 0.03231680098893941, "Real Estate and RentingTrading": 0.25524739081283687, "Transport, storage and Communications": 0.8684170266388536}, "Delhi": {"Agriculture and Allied Activities": 0.4576533228505386, "Business Services": 0.18973423044201343, "Community, personal & Social Services": 0.5461240439003554, "Construction": 0.19454014695603483, "Electricity, Gas & Water companies": 0.9107125085239619, "FinanceInsurance": 0.2292664625892732, "Manufacturing (Food stuffs)": 0.7317763272027462, "Manufacturing (Leather & products thereof)": 0.7232058486119015, "Manufacturing (Machinery & Equipments)": 0.6240456246553133, "Manufacturing (Metals & Chemicals, and products thereof)Manufacturing (Others)": 0.5667446905772339, "Manufacturing (Paper & Paper products, Publishing, printing": 0.5079931700239292, "Manufacturing (Wood Products)": 0.3663851071590518, "Mining & Quarrying": 0.8786637275944836, "Real Estate and RentingTrading": 0.1890759192729572, "Transport, storage and Communications": 0.9210757024580568}, "Goa": {"Agriculture and Allied Activities": 0.39201013024175035, "Business Services": 0.3109165535070971, "Community, personal & Social Services": 0.24569619730167902, "Construction": 0.399792918536215, "Electricity, Gas & Water companies": 0.7454916784520857, "FinanceInsurance": 0.7667911091816915, "Manufacturing (Food stuffs)": 0.5876101713428741, "Manufacturing (Leather & products thereof)": 0.022868668835655526, "Manufacturing (Machinery & Equipments)": 0.32095837138486993, "Manufacturing (Metals & Chemicals, and products thereof)Manufacturing (Others)": 0.27059197557985915, "Manufacturing (Paper & Paper products, Publishing, printing": 0.11163426362839501, "Manufacturing (Wood Products)": 0.8880724169852059, "Mining & Quarrying": 0.7507272746867226, "Real Estate and RentingTrading": 0.3200828682446245, "Transport, storage and Communications": 0.5587730651994425}, "Gujarat": {"Agriculture and Allied Activities": 0.4761330315704144, "Business Services": 0.1310264015486915, "Community, personal & Social Services": 0.2706083948881759, "Construction": 0.638060143692647, "Electricity, Gas & Water companies": 0.8553933205491167, "FinanceInsurance": 0.7225482886484677, "Manufacturing (Food stuffs)": 0.9068114789168744, "Manufacturing (Leather & products thereof)": 0.20258954898155934, "Manufacturing (Machinery & Equipments)": 0.22631651398662012, "Manufacturing (Metals & Chemicals, and products thereof)Manufacturing (Others)": 0.5583182690195664, "Manufacturing (Paper & Paper products, Publishing, printing": 0.6373405487971119, "Manufacturing (Wood Products)": 0.0010677686849950296, "Mining & Quarrying": 0.06073997188412983, "Real Estate and RentingTrading": 0.849931473932333, "Transport, storage and Communications": 0.448909629514918}, "Haryana": {"Agriculture and Allied Activities": 0.9121601238000632, "Business Services": 0.8050656250122425, "Community, personal & Social Services": 0.08261444043245181, "Construction": 0.7917195885356856, "Electricity, Gas & Water companies": 0.2973107016918486, "FinanceInsurance": 0.10425516415340363, "Manufacturing (Food stuffs)": 0.07443890653540663, "Manufacturing (Leather & products thereof)": 0.30179535304394467, "Manufacturing (Machinery & Equipments)": 0.44013805412605067, "Manufacturing (Metals & Chemicals, and products thereof)Manufacturing (Others)": 0.023972891378339245, "Manufacturing (Paper & Paper products, Publishing, printing": 0.8550560863140195, "Manufacturing (Wood Products)": 0.05336139581645438, "Mining & Quarrying": 0.19861463971897697, "Real Estate and RentingTrading": 0.820960605839887, "Transport, storage and Communications": 0.6776568577936285}, "Himachal Pradesh": {"Agriculture and Allied Activities": 0.6491319309748381, "Business Services": 0.9824804420670826, "Community, personal & Social Services": 0.5681987695152184, "Construction": 0.364286879621304, "Electricity, Gas & Water companies": 0.1811694270774996, "FinanceInsurance": 0.07562313082125038, "Manufacturing (Food stuffs)": 0.3433692918563124, "Manufacturing (Leather & products thereof)": 0.782405505847702, "Manufacturing (Machinery & Equipments)": 0.5715007428909888, "Manufacturing (Metals & Chemicals, and products thereof)Manufacturing (Others)": 0.5502672816835712, "Manufacturing (Paper & Paper products, Publishing, printing": 0.8100752265610568, "Manufacturing (Wood Products)": 0.05231935987500724, "Mining & Quarrying": 0.3345814836668115, "Real Estate and RentingTrading": 0.5858173323609019, "Transport, storage and Communications": 0.4955562805856367}, "Jammu & Kashmir": {"Agriculture and Allied Activities": 0.24466934791939898, "Business Services": 0.2062180909788751, "Community, personal & Social Services": 0.9508879019633211, "Construction": 0.6690761495938103, "Electricity, Gas & Water companies": 0.6067701093436736, "FinanceInsurance": 0.804869513814973, "Manufacturing (Food stuffs)": 0.974002222051275, "Manufacturing (Leather & products thereof)": 0.49415202347378195, "Manufacturing (Machinery & Equipments)": 0.10091762422445882, "Manufacturing (Metals & Chemicals, and products thereof)Manufacturing (Others)": 0.6361779056292511, "Manufacturing (Paper & Paper products, Publishing, printing": 0.926861318618664, "Manufacturing (Wood Products)": 0.9166152970371646, "Mining & Quarrying": 0.317907494270782, "Real Estate and RentingTrading": 0.7606115967173757, "Transport, storage and Communications": 0.1947233423328142}, "Jharkhand": {"Agriculture and Allied Activities": 0.8078877241907124, "Business Services": 0.894717071688015, "Community, personal & Social Services": 0.9861369627999145, "Construction": 0.47797730925313386, "Electricity, Gas & Water companies": 0.08684043539918695, "FinanceInsurance": 0.21477189276518593, "Manufacturing (Food stuffs)": 0.22633595778420523, "Manufacturing (Leather & products thereof)": 0.6543057423432724, "Manufacturing (Machinery & Equipments)": 0.7349863099553055, "Manufacturing (Metals & Chemicals, and products thereof)Manufacturing (Others)": 0.3370741370892424, "Manufacturing (Paper & Paper products, Publishing, printing": 0.039057986515596665, "Manufacturing (Wood Products)": 0.31040061409729247, "Mining & Quarrying": 0.3138092402164163, "Real Estate and RentingTrading": 0.4905029935475035, "Transport, storage and Communications": 0.9116570460959189}, "Karnataka": {"Agriculture and Allied Activities": 0.6525351568028549, "Business Services": 0.7397150671639741, "Community, personal & Social Services": 0.20166379495321773, "Construction": 0.41179802106351193, "Electricity, Gas & Water companies": 0.5946881260119827, "FinanceInsurance": 0.49570002504443045, "Manufacturing (Food stuffs)": 0.3798424179286528, "Manufacturing (Leather & products thereof)": 0.45834796794498456, "Manufacturing (Machinery & Equipments)": 0.7586820612425599, "Manufacturing (Metals & Chemicals, and products thereof)Manufacturing (Others)": 0.2600030128504809, "Manufacturing (Paper & Paper products, Publishing, printing": 0.9647346457243022, "Manufacturing (Wood Products)": 0.44308336977517804, "Mining & Quarrying": 0.7241021556865667, "Real Estate and RentingTrading": 0.944692263473104, "Transport, storage and Communications": 0.5046406882214415}, "Kerala": {"Agriculture and Allied Activities": 0.9575417014948121, "Business Services": 0.1001004516238706, "Community, personal & Social Services": 0.45013815335283025, "Construction": 0.6190209566832999, "Electricity, Gas & Water companies": 0.6779833913737296, "FinanceInsurance": 0.5518897420343558, "Manufacturing (Food stuffs)": 0.47065739234112336, "Manufacturing (Leather & products thereof)": 0.3193370566816375, "Manufacturing (Machinery & Equipments)": 0.8769161364359291, "Manufacturing (Metals & Chemicals, and products thereof)Manufacturing (Others)": 0.6770139191931759, "Manufacturing (Paper & Paper products, Publishing, printing": 0.5599322935252973, "Manufacturing (Wood Products)": 0.3891731306586331, "Mining & Quarrying": 0.5125055985154939, "Real Estate and RentingTrading": 0.012023051858394807, "Transport, storage and Communications": 0.48466728159799666}, "Ladakh": {"Agriculture and Allied Activities": 0.5405292488997646, "Business Services": 0.7878287298056788, "Community, personal & Social Services": 0.9943607492645041, "Construction": 0.8272326167624132, "Electricity, Gas & Water companies": 0.6088595225790474, "FinanceInsurance": 0.19200767925294915, "Manufacturing (Food stuffs)": 0.6900201387932055, "Manufacturing (Leather & products thereof)": 0.904493266566408, "Manufacturing (Machinery & Equipments)": 0.46407612590614755, "Manufacturing (Metals & Chemicals, and products thereof)Manufacturing (Others)": 0.7415488516112355, "Manufacturing (Paper & Paper products, Publishing, printing": 0.19717509619043794, "Manufacturing (Wood Products)": 0.845820472840588, "Mining & Quarrying": 0.6713465628925703, "Real Estate and RentingTrading": 0.31609765005470314, "Transport, storage and Communications": 0.3149996555317762}, "Madhya Pradesh": {"Agriculture and Allied Activities": 0.4992313026910893, "Business Services": 0.22976732360853913, "Community, personal & Social Services": 0.557750634920043, "Construction": 0.44791156814048505, "Electricity, Gas & Water companies": 0.9692268019874432, "FinanceInsurance": 0.4987501322654222, "Manufacturing (Food stuffs)": 0.8175190801275248, "Manufacturing (Leather & products thereof)": 0.6056540179802825, "Manufacturing (Machinery & Equipments)": 0.34886007034060706, "Manufacturing (Metals & Chemicals, and products thereof)Manufacturing (Others)": 0.8907097417594255, "Manufacturing (Paper & Paper products, Publishing, printing": 0.08512448474934742, "Manufacturing (Wood Products)": 0.9886273409582085, "Mining & Quarrying": 0.2286863369468386, "Real Estate and RentingTrading": 0.3545080269563037, "Transport, storage and Communications": 0.19706474423350184}, "Maharashtra": {"Agriculture and Allied Activities": 0.3682673750051776, "Business Services": 0.8373661902433495, "Community, personal & Social Services": 0.36534737586786536, "Construction": 0.46917526332710446, "Electricity, Gas & Water companies": 0.9601714884250434, "FinanceInsurance": 0.511290346550063, "Manufacturing (Food stuffs)": 0.19236136504407053, "Manufacturing (Leather & products thereof)": 0.7679089976692238, "Manufacturing (Machinery & Equipments)": 0.5511889661243724, "Manufacturing (Metals & Chemicals, and products thereof)Manufacturing (Others)": 0.27967326216886745, "Manufacturing (Paper & Paper products, Publishing, printing": 0.0063418876468274155, "Manufacturing (Wood Products)": 0.7908639210265981, "Mining & Quarrying": 0.07670123270117801, "Real Estate and RentingTrading": 0.16631220541009128, "Transport, storage and Communications": 0.09693969732611596}, "Manipur": {"Agriculture and Allied Activities": 0.8566396501994905, "Business Services": 0.13657274581672063, "Community, personal & Social Services": 0.5516263789866973, "Construction": 0.27807658370012434, "Electricity, Gas & Water companies": 0.40985135419168217, "FinanceInsurance": 0.43703366150039724, "Manufacturing (Food stuffs)": 0.21037734067288294, "Manufacturing (Leather & products thereof)": 0.7866235454017412, "Manufacturing (Machinery & Equipments)": 0.6968968090905754, "Manufacturing (Metals & Chemicals, and products thereof)Manufacturing (Others)": 0.7015258593038978, "Manufacturing (Paper & Paper products, Publishing, printing": 0.26964195252144374, "Manufacturing (Wood Products)": 0.9999529109538062, "Mining & Quarrying": 0.09407759377686431, "Real Estate and RentingTrading": 0.9467138761466194, "Transport, storage and Communications": 0.5950766674454977}, "Meghalaya": {"Agriculture and Allied Activities": 0.77650140754512, "Business Services": 0.21446837928423923, "Community, personal & Social Services": 0.6488262595128456, "Construction": 0.8211531917961783, "Electricity, Gas & Water companies": 0.8876456484708587, "FinanceInsurance": 0.7603288103146112, "Manufacturing (Food stuffs)": 0.6815154922926268, "Manufacturing (Leather & products thereof)": 0.0036466772450648444, "Manufacturing (Machinery & Equipments)": 0.500716129277282, "Manufacturing (Metals & Chemicals, and products thereof)Manufacturing (Others)": 0.15254011237942777, "Manufacturing (Paper & Paper products, Publishing, printing": 0.26684815363134673, "Manufacturing (Wood Products)": 0.5023824170788155, "Mining & Quarrying": 0.8054249481606468, "Real Estate and RentingTrading": 0.29492990186802737, "Transport, storage and Communications": 0.2654148263443138}, "Nagaland": {"Agriculture and Allied Activities": 0.5803443332370722, "Business Services": 0.6467014113711101, "Community, personal & Social Services": 0.6602139954272072, "Construction": 0.12449098002358538, "Electricity, Gas & Water companies": 0.1512164352908678, "FinanceInsurance": 0.6995955642170941, "Manufacturing (Food stuffs)": 0.35452783193825677, "Manufacturing (Leather & products thereof)": 0.8390086678819834, "Manufacturing (Machinery & Equipments)": 0.7016365464115876, "Manufacturing (Metals & Chemicals, and products thereof)Manufacturing (Others)": 0.33768710939830904, "Manufacturing (Paper & Paper products, Publishing, printing": 0.4714767779973148, "Manufacturing (Wood Products)": 0.879835453921542, "Mining & Quarrying": 0.9537462071923748, "Real Estate and RentingTrading": 0.7561788791886431, "Transport, storage and Communications": 0.008137397019204573}, "Orissa": {"Agriculture and Allied Activities": 0.11932817246548633, "Business Services": 0.6300600770638346, "Community, personal & Social Services": 0.37980012210939007, "Construction": 0.8555553361098219, "Electricity, Gas & Water companies": 0.33105143688139027, "FinanceInsurance": 0.2254575475560543, "Manufacturing (Food stuffs)": 0.7185380302634313, "Manufacturing (Leather & products thereof)": 0.9769837868925217, "Manufacturing (Machinery & Equipments)": 0.7111348853235123, "Manufacturing (Metals & Chemicals, and products thereof)Manufacturing (Others)": 0.16494705239553487, "Manufacturing (Paper & Paper products, Publishing, printing": 0.26217061419510823, "Manufacturing (Wood Products)": 0.25827521293694233, "Mining & Quarrying": 0.09195294522897868, "Real Estate and RentingTrading": 0.6204509777913182, "Transport, storage and Communications": 0.25199746984525906}, "Pondicherry": {"Agriculture and Allied Activities": 0.3237016100072715, "Business Services": 0.9873691429262393, "Community, personal & Social Services": 0.27365235289051726, "Construction": 0.31809847888292464, "Electricity, Gas & Water companies": 0.015078072002555065, "FinanceInsurance": 0.2903512752696392, "Manufacturing (Food stuffs)": 0.6230492421511173, "Manufacturing (Leather & products thereof)": 0.22785999059186957, "Manufacturing (Machinery & Equipments)": 0.045861359277596936, "Manufacturing (Metals & Chemicals, and products thereof)Manufacturing (Others)": 0.4450708800796893, "Manufacturing (Paper & Paper products, Publishing, printing": 0.7126807236200134, "Manufacturing (Wood Products)": 0.8772716228502585, "Mining & Quarrying": 0.15456677310612965, "Real Estate and RentingTrading": 0.6931552067640342, "Transport, storage and Communications": 0.6104515413671019}, "Punjab": {"Agriculture and Allied Activities": 0.8693344672211525, "Business Services": 0.1333391273231046, "Community, personal & Social Services": 0.9725458878659345, "Construction": 0.7192982426046653, "Electricity, Gas & Water companies": 0.01185332263017258, "FinanceInsurance": 0.783257362333724, "Manufacturing (Food stuffs)": 0.4772758688225789, "Manufacturing (Leather & products thereof)": 0.11972772023610467, "Manufacturing (Machinery & Equipments)": 0.1279292386855233, "Manufacturing (Metals & Chemicals, and products thereof)Manufacturing (Others)": 0.1802939474091011, "Manufacturing (Paper & Paper products, Publishing, printing": 0.4464389037819597, "Manufacturing (Wood Products)": 0.3558304166826224, "Mining & Quarrying": 0.4194690555076511, "Real Estate and RentingTrading": 0.6099505778385611, "Transport, storage and Communications": 0.8980831033700428}, "Rajasthan": {"Agriculture and Allied Activities": 0.9606531652484592, "Business Services": 0.3515729563967568, "Community, personal & Social Services": 0.2442383414154795, "Construction": 0.4528640250935375, "Electricity, Gas & Water companies": 0.9732981707054696, "FinanceInsurance": 0.2817773866796438, "Manufacturing (Food stuffs)": 0.3767893216707029, "Manufacturing (Leather & products thereof)": 0.8172449261305544, "Manufacturing (Machinery & Equipments)": 0.8693167892289734, "Manufacturing (Metals & Chemicals, and products thereof)Manufacturing (Others)": 0.9517725312076899, "Manufacturing (Paper & Paper products, Publishing, printing": 0.5112987371115586, "Manufacturing (Wood Products)": 0.5543665039858234, "Mining & Quarrying": 0.8183438227876118, "Real Estate and RentingTrading": 0.8355684353333146, "Transport, storage and Communications": 0.530257380740163}, "Tamil Nadu": {"Agriculture and Allied Activities": 0.024472636275931214, "Business Services": 0.19125747156142736, "Community, personal & Social Services": 0.480566584346359, "Construction": 0.602151321233466, "Electricity, Gas & Water companies": 0.6167686890097105, "FinanceInsurance": 0.07527111275043796, "Manufacturing (Food stuffs)": 0.8366766745359706, "Manufacturing (Leather & products thereof)": 0.15571242870975577, "Manufacturing (Machinery & Equipments)": 0.6319148406325176, "Manufacturing (Metals & Chemicals, and products thereof)Manufacturing (Others)": 0.7129468636706358, "Manufacturing (Paper & Paper products, Publishing, printing": 0.5708821088672601, "Manufacturing (Wood Products)": 0.3749090525792296, "Mining & Quarrying": 0.7483961608126414, "Real Estate and RentingTrading": 0.023707028771599914, "Transport, storage and Communications": 0.847243935220575}, "Telangana": {"Agriculture and Allied Activities": 0.9391142550874586, "Business Services": 0.9468673028209648, "Community, personal & Social Services": 0.42019894343714437, "Construction": 0.5248336845092795, "Electricity, Gas & Water companies": 0.8766031037473455, "FinanceInsurance": 0.4339581576535486, "Manufacturing (Food stuffs)": 0.8068365276226314, "Manufacturing (Leather & products thereof)": 0.6578953560463118, "Manufacturing (Machinery & Equipments)": 0.9283752637406899, "Manufacturing (Metals & Chemicals, and products thereof)Manufacturing (Others)": 0.5549272675793814, "Manufacturing (Paper & Paper products, Publishing, printing": 0.8947016065129949, "Manufacturing (Wood Products)": 0.07201114584807156, "Mining & Quarrying": 0.019776087590188562, "Real Estate and RentingTrading": 0.32397896300121853, "Transport, storage and Communications": 0.9832045220446642}, "Tripura": {"Agriculture and Allied Activities": 0.4182438368260948, "Business Services": 0.16347786946132825, "Community, personal & Social Services": 0.4620237057294805, "Construction": 0.7915394166139629, "Electricity, Gas & Water companies": 0.6821145007918925, "FinanceInsurance": 0.3013698006392409, "Manufacturing (Food stuffs)": 0.29348871721200653, "Manufacturing (Leather & products thereof)": 0.6114292339217237, "Manufacturing (Machinery & Equipments)": 0.7286809107764588, "Manufacturing (Metals & Chemicals, and products thereof)Manufacturing (Others)": 0.3088771205313222, "Manufacturing (Paper & Paper products, Publishing, printing": 0.8068241139378465, "Manufacturing (Wood Products)": 0.23054038744063787, "Mining & Quarrying": 0.1550795367181269, "Real Estate and RentingTrading": 0.04497402388061422, "Transport, storage and Communications": 0.7706671088145566}, "Uttar Pradesh": {"Agriculture and Allied Activities": 0.4133413343784035, "Business Services": 0.056919423701931815, "Community, personal & Social Services": 0.4151024148484962, "Construction": 0.36758560783678507, "Electricity, Gas & Water companies": 0.12662627744714972, "FinanceInsurance": 0.2122772384883096, "Manufacturing (Food stuffs)": 0.7480570024712925, "Manufacturing (Leather & products thereof)": 0.27755037164957486, "Manufacturing (Machinery & Equipments)": 0.4782685426747224, "Manufacturing (Metals & Chemicals, and products thereof)Manufacturing (Others)": 0.3733000071873894, "Manufacturing (Paper & Paper products, Publishing, printing": 0.08419804122998098, "Manufacturing (Wood Products)": 0.48190784729015423, "Mining & Quarrying": 0.7613273975270651, "Real Estate and RentingTrading": 0.4130740849451606, "Transport, storage and Communications": 0.7122482524753265}, "Uttarakhand": {"Agriculture and Allied Activities": 0.7125328274794933, "Business Services": 0.6230621605681308, "Community, personal & Social Services": 0.8177091092789226, "Construction": 0.8400159873842866, "Electricity, Gas & Water companies": 0.4528891920600563, "FinanceInsurance": 0.3710178106958095, "Manufacturing (Food stuffs)": 0.1727583492722765, "Manufacturing (Leather & products thereof)": 0.2373434865061277, "Manufacturing (Machinery & Equipments)": 0.6971612438264184, "Manufacturing (Metals & Chemicals, and products thereof)Manufacturing (Others)": 0.8231549403533251, "Manufacturing (Paper & Paper products, Publishing, printing": 0.12009417591408045, "Manufacturing (Wood Products)": 0.06486205401623946, "Mining & Quarrying": 0.45488183337682475, "Real Estate and RentingTrading": 0.6687211403593283, "Transport, storage and Communications": 0.6567681750109454}, "West Bengal": {"Agriculture and Allied Activities": 0.9745797421437292, "Business Services": 0.5587248546388002, "Community, personal & Social Services": 0.7007222338605165, "Construction": 0.4005642363923553, "Electricity, Gas & Water companies": 0.9421470996001118, "FinanceInsurance": 0.5124513310223316, "Manufacturing (Food stuffs)": 0.5367710774853718, "Manufacturing (Leather & products thereof)": 0.1472299141732173, "Manufacturing (Machinery & Equipments)": 0.5096617135665212, "Manufacturing (Metals & Chemicals, and products thereof)Manufacturing (Others)": 0.7714092462293005, "Manufacturing (Paper & Paper products, Publishing, printing": 0.10664617028288037, "Manufacturing (Wood Products)": 0.053414271187860796, "Mining & Quarrying": 0.9115512857727827, "Real Estate and RentingTrading": 0.7858348161038676, "Transport, storage and Communications": 0.025101862239989448}}